2022-07-13 22:40:19.881518,0.0
2022-07-13 22:40:20.352697,0.0
2022-07-13 22:40:20.764503,0.0
2022-07-13 22:40:21.132799,-0.0
2022-07-13 22:40:21.516771,1.22
2022-07-13 22:40:21.885659,1.01
2022-07-13 22:40:22.262814,2.57
2022-07-13 22:40:22.613908,0.98
2022-07-13 22:40:22.961797,3.25
2022-07-13 22:40:23.319918,3.25
2022-07-13 22:40:23.679841,3.18
2022-07-13 22:40:24.044647,3.23
2022-07-13 22:40:24.416126,1.62
2022-07-13 22:40:24.764176,3.25
2022-07-13 22:40:25.127210,2.75
2022-07-13 22:40:25.496771,1.48
2022-07-13 22:40:25.912334,1.24
2022-07-13 22:40:26.302312,3.25
2022-07-13 22:40:26.684087,3.25
2022-07-13 22:40:27.033844,0.05
2022-07-13 22:40:27.409328,0.0
2022-07-13 22:40:27.824397,0.0
2022-07-13 22:40:28.172119,-0.0
2022-07-13 22:40:28.542624,0.0
2022-07-13 22:40:28.894655,0.0
2022-07-13 22:40:29.256074,0.0
2022-07-13 22:40:29.616671,0.0
2022-07-13 22:40:29.968639,-0.0
2022-07-13 22:40:30.327056,0.0
2022-07-13 22:40:30.703752,3.25
2022-07-13 22:40:31.109567,3.25
2022-07-13 22:40:32.860424,3.25
2022-07-13 22:40:33.240338,3.25
2022-07-13 22:40:33.606400,3.25
2022-07-13 22:40:34.012249,3.25
2022-07-13 22:40:34.380612,3.25
2022-07-13 22:40:34.768311,3.25
2022-07-13 22:40:35.145180,3.25
2022-07-13 22:40:35.623072,3.25
2022-07-13 22:40:35.998850,3.25
2022-07-13 22:40:36.364551,3.25
2022-07-13 22:40:36.739295,3.25
2022-07-13 22:40:37.254714,3.25
2022-07-13 22:40:38.802293,3.25
2022-07-13 22:40:39.472776,3.25
2022-07-13 22:40:39.850164,3.25
2022-07-13 22:40:40.211028,3.25
2022-07-13 22:40:40.571230,3.25
2022-07-13 22:40:40.950163,3.25
2022-07-13 22:40:41.303676,3.25
2022-07-13 22:40:41.662196,3.25
2022-07-13 22:40:42.015893,3.25
2022-07-13 22:40:42.373841,3.25
2022-07-13 22:40:42.755160,3.25
2022-07-13 22:40:43.150585,3.25
2022-07-13 22:40:43.540522,3.25
2022-07-13 22:40:43.913553,3.25
2022-07-13 22:40:44.276467,3.25
2022-07-13 22:40:44.644430,3.22
2022-07-13 22:40:45.016408,3.25
2022-07-13 22:40:45.386237,3.25
2022-07-13 22:40:45.732674,3.25
2022-07-13 22:40:46.089051,3.25
2022-07-13 22:40:46.445608,3.25
2022-07-13 22:40:46.822146,3.25
2022-07-13 22:40:47.199560,3.25
2022-07-13 22:40:47.563798,3.25
2022-07-13 22:40:47.964367,3.25
2022-07-13 22:40:48.327679,3.25
2022-07-13 22:40:48.706289,3.25
2022-07-13 22:40:49.084326,3.25
2022-07-13 22:40:49.432858,3.25
2022-07-13 22:40:49.789795,3.25
2022-07-13 22:40:50.156444,3.25
2022-07-13 22:40:50.533028,3.25
2022-07-13 22:40:50.910478,3.25
2022-07-13 22:40:51.747232,3.25
2022-07-13 22:40:52.127044,3.25
2022-07-13 22:40:52.793681,3.24
2022-07-13 22:40:53.171457,3.25
2022-07-13 22:40:53.546404,3.25
2022-07-13 22:40:54.208191,3.25
2022-07-13 22:40:54.579739,3.25
2022-07-13 22:40:55.236728,3.25
2022-07-13 22:42:06.823398,-0.0
2022-07-13 22:42:07.843448,0.0
2022-07-13 22:42:08.544550,0.0
2022-07-13 22:42:09.006519,0.0
2022-07-13 22:42:09.427678,0.0
2022-07-13 22:42:09.801468,0.0
2022-07-13 22:42:10.187146,0.0
2022-07-13 22:42:10.551316,0.0
2022-07-13 22:42:10.915226,0.0
2022-07-13 22:42:11.276679,3.25
2022-07-13 22:42:11.655720,0.06
2022-07-13 22:42:12.070165,-0.0
2022-07-13 22:42:12.475067,3.25
2022-07-13 22:42:12.841281,3.04
2022-07-13 22:42:13.501157,2.85
2022-07-13 22:42:13.860435,2.69
2022-07-13 22:42:14.225753,1.53
2022-07-13 22:42:15.903491,1.27
2022-07-13 22:42:16.271182,3.25
2022-07-13 22:42:16.936878,2.83
2022-07-13 22:42:18.319503,1.43
2022-07-13 22:42:18.688505,3.25
2022-07-13 22:42:19.072557,3.25
2022-07-13 22:42:19.439642,1.24
2022-07-13 22:42:19.802265,1.41
2022-07-13 22:42:20.167271,3.18
2022-07-13 22:42:20.527382,3.25
2022-07-13 22:42:20.884278,2.33
2022-07-13 22:42:21.248366,3.25
2022-07-13 22:42:21.625409,3.09
2022-07-13 22:42:21.988649,3.25
2022-07-13 22:42:22.356801,1.4
2022-07-13 22:42:22.704450,2.98
2022-07-13 22:42:23.097151,1.24
2022-07-13 22:42:23.471251,3.19
2022-07-13 22:42:23.826977,3.25
2022-07-13 22:42:24.189337,3.25
2022-07-13 22:42:24.551905,2.74
2022-07-13 22:42:25.231786,2.59
2022-07-13 22:42:25.882725,3.05
2022-07-13 22:42:26.252081,2.18
2022-07-13 22:42:26.616512,1.03
2022-07-13 22:42:28.040263,2.54
2022-07-13 22:42:28.414476,0.96
2022-07-13 22:42:28.779049,2.27
2022-07-13 22:42:29.163612,3.25
2022-07-13 22:42:29.520457,2.92
2022-07-13 22:42:29.882576,3.25
2022-07-13 22:42:30.241075,3.23
2022-07-13 22:42:30.601386,3.25
2022-07-13 22:42:30.946821,3.08
2022-07-13 22:42:31.315395,1.39
2022-07-13 22:42:31.683030,3.25
2022-07-13 22:42:32.049985,1.56
2022-07-13 22:42:32.417803,2.52
2022-07-13 22:42:32.781147,3.25
2022-07-13 22:42:33.139911,3.25
2022-07-13 22:42:33.501838,3.25
2022-07-13 22:42:33.859575,3.25
2022-07-13 22:42:34.223038,3.25
2022-07-13 22:42:34.594642,1.69
2022-07-13 22:42:37.083987,2.87
2022-07-13 22:42:37.459653,3.25
2022-07-13 22:42:37.836168,2.45
2022-07-13 22:42:38.703341,2.65
2022-07-13 22:42:39.059370,3.25
2022-07-13 22:42:39.425817,1.55
2022-07-13 22:42:39.793215,1.78
2022-07-13 22:42:40.178382,3.25
2022-07-13 22:42:40.539599,3.25
2022-07-13 22:42:40.906842,0.05
2022-07-13 22:42:41.283474,2.16
2022-07-13 22:42:41.657964,3.06
2022-07-13 22:42:42.019856,1.39
2022-07-13 22:49:51.870549,0.0
2022-07-13 22:49:52.643256,0.0
2022-07-13 22:49:54.316578,0.0
2022-07-13 22:49:54.988525,0.0
2022-07-13 22:49:55.389714,0.0
2022-07-13 22:49:55.779253,0.0
2022-07-13 22:49:56.712885,0.0
2022-07-13 22:49:57.110060,0.0
2022-07-13 22:49:57.488562,0.0
2022-07-13 22:49:57.893879,0.0
2022-07-13 22:49:58.284673,0.0
2022-07-13 22:49:58.666478,0.0
2022-07-13 22:50:00.014115,3.25
2022-07-13 22:50:00.388627,0.0
2022-07-13 22:50:01.065443,3.25
2022-07-13 22:50:01.467162,0.0
2022-07-13 22:50:02.110264,0.06
2022-07-13 22:50:02.528246,3.25
2022-07-13 22:50:02.888899,2.81
2022-07-13 22:50:03.255521,3.24
2022-07-13 22:50:03.625697,2.72
2022-07-13 22:50:04.000834,2.13
2022-07-13 22:50:04.383804,2.64
2022-07-13 22:50:04.765460,2.5
2022-07-13 22:50:05.137290,3.25
2022-07-13 22:50:05.519289,3.25
2022-07-13 22:50:05.907971,3.25
2022-07-13 22:50:06.322127,1.89
2022-07-13 22:50:06.787394,0.83
2022-07-13 22:50:07.148211,0.63
2022-07-13 22:50:23.269259,0.73
2022-07-13 22:50:23.707481,1.53
2022-07-13 22:50:24.061948,3.25
2022-07-13 22:50:24.427251,2.12
2022-07-13 22:50:24.805713,2.85
2022-07-13 22:50:25.188018,2.18
2022-07-13 22:50:25.557339,2.02
2022-07-13 22:50:25.925376,3.25
2022-07-13 22:50:26.313506,0.65
2022-07-13 22:50:26.679818,2.38
2022-07-13 22:50:27.041882,2.97
2022-07-13 22:50:27.397264,0.95
2022-07-13 22:50:27.756595,0.54
2022-07-13 22:50:28.123764,3.02
2022-07-13 22:50:28.495316,0.83
2022-07-13 22:50:28.861897,2.19
2022-07-13 22:50:29.229604,3.24
2022-07-13 22:50:29.610013,3.24
2022-07-13 22:50:29.985893,3.25
2022-07-13 22:50:30.369256,3.25
2022-07-13 22:50:30.741214,3.06
2022-07-13 22:50:31.103086,3.2
2022-07-13 22:50:31.456410,3.12
2022-07-13 22:50:31.816043,3.14
2022-07-13 22:50:32.172192,3.25
2022-07-13 22:50:32.578817,3.1
2022-07-13 22:50:32.956082,3.16
2022-07-13 22:50:33.342154,3.17
2022-07-13 22:50:33.704122,3.11
2022-07-13 22:50:34.066331,3.25
2022-07-13 22:50:34.440216,0.55
2022-07-13 22:50:34.815134,2.31
2022-07-13 22:50:35.187214,3.22
2022-07-13 22:50:35.557513,1.82
2022-07-13 22:50:35.924503,3.12
2022-07-13 22:50:36.315832,2.9
2022-07-13 22:50:36.690859,3.25
2022-07-13 22:50:37.059621,1.22
2022-07-13 22:50:37.414316,3.04
2022-07-13 22:50:53.704336,-0.0
2022-07-13 22:50:54.239832,0.0
2022-07-13 22:50:54.619297,0.0
2022-07-13 22:50:54.995807,0.0
2022-07-13 22:50:55.384512,0.0
2022-07-13 22:50:55.805706,0.0
2022-07-13 22:50:56.193291,0.0
2022-07-13 22:50:56.542365,0.0
2022-07-13 22:50:56.905176,0.0
2022-07-13 22:50:57.311370,2.12
2022-07-13 22:50:57.688750,0.58
2022-07-13 22:50:58.103812,2.75
2022-07-13 22:50:58.488321,3.25
2022-07-13 22:50:58.900015,0.6
2022-07-13 22:50:59.336630,0.0
2022-07-13 22:50:59.783460,0.0
2022-07-13 22:51:00.164148,0.0
2022-07-13 22:51:00.534918,0.0
2022-07-13 22:51:00.920944,0.0
2022-07-13 22:51:01.383516,0.0
2022-07-13 22:51:01.817369,0.0
2022-07-13 22:51:02.206911,0.0
2022-07-13 22:51:02.583079,0.0
2022-07-13 22:51:02.968498,3.25
2022-07-13 22:51:03.326100,3.25
2022-07-13 22:51:03.681042,3.25
2022-07-13 22:51:04.051279,0.0
2022-07-13 22:51:04.409324,0.0
2022-07-13 22:51:04.800372,0.0
2022-07-13 22:51:05.179254,0.0
2022-07-13 22:51:05.536373,0.0
2022-07-13 22:51:05.919397,0.0
2022-07-13 22:51:06.299865,0.0
2022-07-13 22:51:06.686335,0.02
2022-07-13 22:51:07.053289,0.0
2022-07-13 22:51:07.418867,0.0
2022-07-13 22:51:07.813635,0.0
2022-07-13 22:51:08.196663,-0.0
2022-07-13 22:51:08.575965,0.01
2022-07-13 22:51:08.947678,2.84
2022-07-13 22:51:09.326288,2.04
2022-07-13 22:51:09.688368,3.25
2022-07-13 22:51:25.694216,3.25
2022-07-13 22:51:26.073819,3.25
2022-07-13 22:51:26.454720,3.25
2022-07-13 22:51:26.819998,1.18
2022-07-13 22:51:27.183398,0.0
2022-07-13 22:51:27.556761,1.99
2022-07-13 22:51:27.942600,0.0
2022-07-13 22:51:28.349773,0.0
2022-07-13 22:51:28.727424,0.0
2022-07-13 22:51:29.090422,0.31
2022-07-13 22:51:29.445891,0.08
2022-07-13 22:51:29.908627,3.25
2022-07-13 22:51:30.298726,3.25
2022-07-13 22:51:31.675236,3.25
2022-07-13 22:51:32.036844,3.25
2022-07-13 22:51:32.444150,3.25
2022-07-13 22:51:32.807245,3.25
2022-07-13 22:51:33.218879,3.25
2022-07-13 22:51:33.596682,3.25
2022-07-13 22:51:33.972319,3.25
2022-07-13 22:51:34.651742,3.25
2022-07-13 22:51:35.067086,3.25
2022-07-13 22:51:35.449470,3.25
2022-07-13 22:51:35.828085,3.25
2022-07-13 22:51:36.492410,3.25
2022-07-13 22:51:36.870126,3.25
2022-07-13 22:51:37.259138,3.25
2022-07-13 22:51:37.635179,3.25
2022-07-13 22:51:38.017120,3.25
2022-07-13 22:51:38.480315,0.0
2022-07-13 22:51:38.857579,0.59
2022-07-13 22:51:39.300071,0.19
2022-07-13 22:51:39.690884,0.0
2022-07-13 22:51:41.210447,0.0
2022-07-13 22:51:57.732710,3.09
2022-07-13 22:51:58.180469,3.25
2022-07-13 22:51:58.571058,3.25
2022-07-13 22:51:58.942702,3.25
2022-07-13 22:51:59.305380,3.25
2022-07-13 22:51:59.673974,1.31
2022-07-13 22:52:00.084966,3.24
2022-07-13 22:52:00.466498,0.0
2022-07-13 22:52:00.826923,0.0
2022-07-13 22:52:01.227137,0.0
2022-07-13 22:52:01.657290,0.0
2022-07-13 22:52:02.032359,0.0
2022-07-13 22:52:02.410823,0.0
2022-07-13 22:52:02.799773,3.24
2022-07-13 22:52:03.158888,0.0
2022-07-13 22:52:03.548123,0.0
2022-07-13 22:52:03.931952,0.0
2022-07-13 22:52:04.303230,0.39
2022-07-13 22:52:04.666252,0.0
2022-07-13 22:52:05.036700,0.0
2022-07-13 22:52:05.410375,0.0
2022-07-13 22:52:05.788485,0.0
2022-07-13 22:52:06.178176,0.0
2022-07-13 22:52:06.551801,-0.0
2022-07-13 22:52:06.937863,0.0
2022-07-13 22:52:07.349778,2.55
2022-07-13 22:52:07.711648,0.0
2022-07-13 22:52:08.083192,2.91
2022-07-13 22:52:08.470924,3.25
2022-07-13 22:52:08.865135,3.24
2022-07-13 22:52:09.272960,3.25
2022-07-13 22:52:09.708519,3.24
2022-07-13 22:52:10.146940,3.25
2022-07-13 22:52:10.527334,3.25
2022-07-13 22:52:10.933490,3.24
2022-07-13 22:52:11.319247,3.12
2022-07-13 22:52:11.686347,3.14
2022-07-13 22:52:12.074400,3.25
2022-07-13 22:52:12.449665,3.24
2022-07-13 22:52:12.822952,2.78
2022-07-13 22:52:13.234621,3.08
2022-07-13 22:52:13.660735,3.25
2022-07-13 22:52:29.765940,0.0
2022-07-13 22:52:30.315078,0.0
2022-07-13 22:52:30.679288,0.0
2022-07-13 22:52:31.070138,0.47
2022-07-13 22:52:31.457258,0.0
2022-07-13 22:52:31.862880,0.34
2022-07-13 22:52:32.236517,0.0
2022-07-13 22:52:32.598097,0.0
2022-07-13 22:52:32.955532,0.0
2022-07-13 22:52:33.317666,0.0
2022-07-13 22:52:33.689216,0.0
2022-07-13 22:52:34.075310,0.0
2022-07-13 22:52:34.448116,1.91
2022-07-13 22:52:34.864667,3.25
2022-07-13 22:52:35.243207,3.25
2022-07-13 22:52:35.597593,3.24
2022-07-13 22:52:35.974289,3.25
2022-07-13 22:52:36.341785,3.24
2022-07-13 22:52:36.702358,3.24
2022-07-13 22:52:37.062232,3.24
2022-07-13 22:52:37.459083,3.25
2022-07-13 22:52:37.841511,3.25
2022-07-13 22:52:38.201641,3.25
2022-07-13 22:52:38.599001,3.24
2022-07-13 22:52:38.980883,3.24
2022-07-13 22:52:39.341323,3.24
2022-07-13 22:52:39.703647,3.24
2022-07-13 22:52:40.084572,3.24
2022-07-13 22:52:40.454082,3.24
2022-07-13 22:52:40.818264,3.24
2022-07-13 22:52:41.192224,3.24
2022-07-13 22:52:41.572363,3.24
2022-07-13 22:52:41.941708,3.24
2022-07-13 22:52:42.325279,3.24
2022-07-13 22:52:42.688441,3.2
2022-07-13 22:52:43.068403,2.61
2022-07-13 22:52:43.470601,0.05
2022-07-13 22:52:43.862539,0.0
2022-07-13 22:52:44.234904,0.0
2022-07-13 22:52:44.607031,0.0
2022-07-13 22:52:44.989403,0.0
2022-07-13 22:52:45.426233,0.0
2022-07-13 22:52:45.804018,0.0
2022-07-13 22:52:46.488121,0.0
2022-07-13 22:52:47.196647,0.0
2022-07-13 22:52:47.884116,0.0
2022-07-13 22:52:48.284267,0.0
2022-07-13 22:52:48.993475,0.0
2022-07-13 22:52:49.376614,0.0
2022-07-13 22:52:49.770303,0.0
2022-07-13 22:52:50.164074,-0.0
2022-07-13 22:52:50.544013,-0.0
2022-07-13 22:52:50.922200,0.0
2022-07-13 22:52:51.305656,0.0
2022-07-13 22:52:51.677330,0.0
2022-07-13 22:52:52.054056,0.0
2022-07-13 22:52:52.432285,0.0
2022-07-13 22:52:52.805043,0.0
2022-07-13 22:52:53.164733,0.0
2022-07-13 22:52:53.533230,0.0
2022-07-13 22:52:53.927708,0.0
2022-07-13 22:52:54.302497,0.0
2022-07-13 22:52:54.673870,0.0
2022-07-13 22:52:55.051514,0.0
2022-07-13 22:52:55.431854,0.0
2022-07-13 22:52:55.800463,0.0
2022-07-13 22:52:56.171593,0.0
2022-07-13 22:52:56.537552,0.0
2022-07-13 22:52:56.917530,0.0
2022-07-13 22:52:57.288433,0.0
2022-07-13 22:52:57.639656,0.0
2022-07-13 22:52:58.041184,0.0
2022-07-13 22:52:58.425724,0.0
2022-07-13 22:52:58.822496,-0.0
2022-07-13 22:52:59.184119,0.0
2022-07-13 22:52:59.573444,0.0
2022-07-13 22:52:59.966011,0.0
2022-07-13 22:53:02.298032,0.0
2022-07-13 22:53:02.672485,0.0
2022-07-13 22:53:03.315784,0.0
2022-07-13 22:53:03.669879,0.0
2022-07-13 22:53:04.064412,0.0
2022-07-13 22:53:04.442478,0.0
2022-07-13 22:53:04.807793,0.0
2022-07-13 22:53:05.184033,0.0
2022-07-13 22:53:05.598652,0.0
2022-07-13 22:53:05.958407,0.0
2022-07-13 22:53:06.306044,0.0
2022-07-13 22:53:06.678449,1.35
2022-07-13 22:53:07.106506,0.21
2022-07-13 22:53:07.472696,0.0
2022-07-13 22:53:30.902884,3.24
2022-07-13 22:53:31.332216,0.15
2022-07-13 22:53:31.703127,3.24
2022-07-13 22:53:32.079763,2.1
2022-07-13 22:53:32.590692,1.41
2022-07-13 22:53:32.965168,3.22
2022-07-13 22:53:33.335780,0.22
2022-07-13 22:53:33.997886,0.0
2022-07-13 22:53:35.705180,1.57
2022-07-13 22:53:36.091221,3.22
2022-07-13 22:53:36.485823,1.24
2022-07-13 22:53:36.846888,1.46
2022-07-13 22:53:38.235360,3.2
2022-07-13 22:53:38.638319,2.41
2022-07-13 22:53:38.995176,3.0
2022-07-13 22:53:39.391745,2.05
2022-07-13 22:53:39.751834,1.49
2022-07-13 22:53:40.120045,2.73
2022-07-13 22:53:40.496336,2.79
2022-07-13 22:53:40.864674,1.34
2022-07-13 22:53:41.236899,0.0
2022-07-13 22:53:41.593820,0.0
2022-07-13 22:53:41.952343,0.0
2022-07-13 22:53:42.325921,0.0
2022-07-13 22:53:42.691679,0.0
2022-07-13 22:53:43.085898,0.0
2022-07-13 22:53:43.463248,0.0
2022-07-13 22:53:43.831129,0.0
2022-07-13 22:53:44.390169,0.0
2022-07-13 22:53:45.065857,0.0
2022-07-13 22:53:45.439017,0.0
2022-07-13 22:53:45.840888,-0.0
2022-07-13 22:53:46.214615,0.0
2022-07-13 22:53:46.661196,0.0
2022-07-13 22:53:48.154461,0.0
2022-07-13 22:53:48.527215,0.0
2022-07-13 22:53:49.217069,0.0
2022-07-13 22:53:49.587147,0.0
2022-07-13 22:53:49.953781,0.0
2022-07-13 22:53:50.321785,0.0
2022-07-13 22:53:50.677217,0.0
2022-07-13 22:53:51.033621,0.0
2022-07-13 22:53:51.409267,0.0
2022-07-13 22:53:51.780419,0.0
2022-07-13 22:53:52.170831,0.0
2022-07-13 22:53:52.574293,0.0
2022-07-13 22:53:52.966926,0.0
2022-07-13 22:53:53.320464,0.0
2022-07-13 22:53:53.689210,0.0
2022-07-13 22:53:54.066963,0.0
2022-07-13 22:53:54.439065,0.71
2022-07-13 22:53:54.796549,0.03
2022-07-13 22:53:55.180961,0.49
2022-07-13 22:53:55.549851,0.0
2022-07-13 22:53:55.940337,0.0
2022-07-13 22:53:56.301360,0.0
2022-07-13 22:53:56.665606,0.0
2022-07-13 22:53:57.047670,0.0
2022-07-13 22:53:57.430474,0.0
2022-07-13 22:53:57.815514,0.0
2022-07-13 22:53:58.185455,0.0
2022-07-13 22:53:58.547646,2.82
2022-07-13 22:53:58.917658,0.0
2022-07-13 22:53:59.298284,0.05
2022-07-13 22:53:59.676435,0.0
2022-07-13 22:54:00.043951,0.0
2022-07-13 22:54:00.426442,0.0
2022-07-13 22:54:00.843416,1.42
2022-07-13 22:54:01.216208,0.0
2022-07-13 22:54:01.648609,0.04
2022-07-13 22:54:02.028308,2.78
2022-07-13 22:54:02.411052,2.61
2022-07-13 22:54:02.807591,3.21
2022-07-13 22:54:03.187540,2.77
2022-07-13 22:54:03.567688,2.72
2022-07-13 22:54:03.938659,0.67
2022-07-13 22:54:04.290739,3.25
2022-07-13 22:54:04.660383,0.57
2022-07-13 22:54:05.030627,3.25
2022-07-13 22:54:05.396675,2.41
2022-07-13 22:54:05.766969,1.27
2022-07-13 22:54:07.444433,0.34
2022-07-13 22:54:08.151258,0.7
2022-07-13 22:54:08.526041,0.27
2022-07-13 22:54:08.909377,0.0
2022-07-13 22:54:09.278549,3.03
2022-07-13 22:54:09.935814,1.42
2022-07-13 22:54:10.344415,2.7
2022-07-13 22:54:10.738478,2.0
2022-07-13 22:54:11.112697,0.0
2022-07-13 22:54:11.476258,1.62
2022-07-13 22:54:12.151413,1.35
2022-07-13 22:54:12.521699,3.13
2022-07-13 22:54:12.898812,2.13
2022-07-13 22:54:13.272695,2.08
2022-07-13 22:54:13.948024,3.24
2022-07-13 22:54:14.617186,2.6
2022-07-13 22:54:15.300677,2.53
2022-07-13 22:54:15.974229,3.25
2022-07-13 22:54:16.363490,2.61
2022-07-13 22:56:52.055710,1.63
2022-07-13 22:56:52.507733,1.28
2022-07-13 22:56:53.164507,2.82
2022-07-13 22:56:53.576780,1.19
2022-07-13 22:56:54.244284,3.24
2022-07-13 22:56:54.908638,0.0
2022-07-13 22:56:56.267318,0.0
2022-07-13 22:56:56.640295,0.0
2022-07-13 22:56:57.020872,0.0
2022-07-13 22:56:57.394909,0.0
2022-07-13 22:56:57.769380,0.0
2022-07-13 22:56:58.138285,0.0
2022-07-13 22:56:58.499838,0.0
2022-07-13 22:56:58.871218,0.0
2022-07-13 22:56:59.240750,0.0
2022-07-13 22:56:59.613454,0.0
2022-07-13 22:57:01.291147,0.0
2022-07-13 22:57:01.665632,0.0
2022-07-13 22:57:02.032768,0.0
2022-07-13 22:57:02.395226,0.0
2022-07-13 22:57:03.065643,0.0
2022-07-13 22:57:03.430402,0.0
2022-07-13 22:57:04.097176,-0.0
2022-07-13 22:57:04.470355,2.09
2022-07-13 22:57:05.155434,3.04
2022-07-13 22:57:05.529717,2.07
2022-07-13 22:57:06.998345,2.71
2022-07-13 22:57:07.556386,2.02
2022-07-13 22:57:07.917532,2.02
2022-07-13 22:57:08.286157,3.25
2022-07-13 22:57:08.656088,2.01
2022-07-13 22:57:09.011677,3.24
2022-07-13 22:57:09.384087,3.13
2022-07-13 22:57:09.752442,3.25
2022-07-13 22:57:10.125131,3.04
2022-07-13 22:57:10.504082,2.27
2022-07-13 22:57:10.936441,3.09
2022-07-13 22:57:11.610134,3.25
2022-07-13 22:57:11.967380,2.52
2022-07-13 22:57:12.352245,3.25
2022-07-13 22:57:12.724818,2.01
2022-07-13 22:57:13.098710,3.25
2022-07-13 22:57:13.483166,2.45
2022-07-13 22:57:13.847151,2.02
2022-07-13 22:57:14.222367,3.22
2022-07-13 22:57:14.589485,1.99
2022-07-13 22:57:15.247158,2.36
2022-07-13 22:57:16.730193,2.35
2022-07-13 22:57:18.288009,3.25
2022-07-13 22:57:18.666054,3.25
2022-07-13 22:57:19.041633,2.04
2022-07-13 22:57:19.698289,1.97
2022-07-13 22:57:20.122884,2.06
2022-07-13 22:57:20.907047,2.91
2022-07-13 22:57:21.295452,3.25
2022-07-13 22:57:22.124388,1.99
2022-07-13 22:57:23.082194,2.82
2022-07-13 22:57:23.769034,1.99
2022-07-13 22:57:24.135605,3.25
2022-07-13 22:57:24.484438,3.09
2022-07-13 22:57:24.875749,3.11
2022-07-13 22:57:25.256688,3.1
2022-07-13 22:57:25.645263,3.25
2022-07-13 22:57:26.011489,1.99
2022-07-13 22:57:26.370111,2.31
2022-07-13 22:57:26.744154,3.25
2022-07-13 22:57:27.242921,3.25
2022-07-13 22:57:27.708386,3.25
2022-07-13 22:57:28.122618,3.23
2022-07-13 22:57:28.611659,3.22
2022-07-13 22:57:29.311662,3.25
2022-07-13 22:57:30.869716,3.25
2022-07-13 22:57:31.247552,2.93
2022-07-13 22:57:31.919125,3.09
2022-07-13 22:57:32.328460,2.41
2022-07-13 22:57:32.691192,3.13
2022-07-13 22:57:33.148198,2.02
2022-07-13 22:57:33.516532,3.25
2022-07-13 22:57:33.889134,2.08
2022-07-13 22:57:34.253110,2.82
2022-07-13 22:57:34.613094,2.49
2022-07-13 22:57:34.974402,2.78
2022-07-13 22:57:35.351797,2.25
2022-07-13 22:57:35.742023,3.25
2022-07-13 22:57:36.110496,2.19
2022-07-13 22:57:36.482936,3.25
2022-07-13 22:57:36.844351,3.25
2022-07-13 22:57:37.233400,2.18
2022-07-13 22:57:37.846252,3.25
2022-07-13 22:57:39.532290,3.25
2022-07-13 22:57:40.252633,3.25
2022-07-13 22:57:40.959646,2.25
2022-07-13 22:57:41.351878,3.25
2022-07-13 22:57:41.725018,2.99
2022-07-13 22:57:42.116773,3.25
2022-07-13 22:57:42.481430,3.05
2022-07-13 22:57:42.843417,3.05
2022-07-13 22:57:43.217404,3.25
2022-07-13 22:57:43.624343,3.01
2022-07-13 22:57:45.330048,2.41
2022-07-13 23:01:18.581885,0.0
2022-07-13 23:01:19.022276,0.0
2022-07-13 23:01:19.394688,0.0
2022-07-13 23:01:19.763847,0.0
2022-07-13 23:01:20.151574,0.0
2022-07-13 23:01:20.519014,0.0
2022-07-13 23:01:20.881755,0.0
2022-07-13 23:01:21.273996,0.0
2022-07-13 23:01:21.715305,0.0
2022-07-13 23:01:22.310037,3.25
2022-07-13 23:01:22.669845,0.0
2022-07-13 23:01:23.040480,0.0
2022-07-13 23:01:23.399799,0.0
2022-07-13 23:01:23.797385,0.0
2022-07-13 23:01:24.173955,0.0
2022-07-13 23:01:24.828233,0.0
2022-07-13 23:01:25.220263,0.0
2022-07-13 23:01:25.611038,0.0
2022-07-13 23:01:26.255065,0.0
2022-07-13 23:01:26.622987,0.0
2022-07-13 23:01:27.204300,0.0
2022-07-13 23:01:27.584701,0.0
2022-07-13 23:01:27.949799,0.0
2022-07-13 23:01:28.318627,0.0
2022-07-13 23:01:28.682509,-0.0
2022-07-13 23:01:29.048079,0.0
2022-07-13 23:01:29.405435,0.0
2022-07-13 23:01:29.788358,2.4
2022-07-13 23:01:30.346603,1.92
2022-07-13 23:01:30.722379,3.25
2022-07-13 23:01:31.123485,3.19
2022-07-13 23:01:31.524452,3.12
2022-07-13 23:01:33.187453,0.62
2022-07-13 23:01:33.828740,0.8
2022-07-13 23:01:34.525930,1.56
2022-07-13 23:01:35.167176,3.25
2022-07-13 23:01:35.831982,3.07
2022-07-13 23:01:36.328563,3.25
2022-07-13 23:01:36.730583,3.25
2022-07-13 23:01:37.118689,1.83
2022-07-13 23:01:37.507169,3.25
2022-07-13 23:01:37.879563,1.87
2022-07-13 23:01:38.255776,2.7
2022-07-13 23:01:38.643351,2.0
2022-07-13 23:01:39.027149,3.01
2022-07-13 23:01:39.415482,3.24
2022-07-13 23:01:39.812163,3.25
2022-07-13 23:01:40.261382,1.85
2022-07-13 23:01:40.650443,3.25
2022-07-13 23:01:41.014349,3.25
2022-07-13 23:01:41.383475,1.88
2022-07-13 23:01:41.751371,3.23
2022-07-13 23:01:42.120960,2.86
2022-07-13 23:01:42.505731,1.86
2022-07-13 23:01:42.905498,1.84
2022-07-13 23:01:43.273570,3.23
2022-07-13 23:01:43.675306,3.25
2022-07-13 23:01:44.063423,2.98
2022-07-13 23:01:44.427085,1.83
2022-07-13 23:01:44.824387,3.14
2022-07-13 23:01:45.218060,3.25
2022-07-13 23:01:45.623232,3.25
2022-07-13 23:01:46.016102,2.86
2022-07-13 23:01:46.394681,2.14
2022-07-13 23:01:46.804377,3.25
2022-07-13 23:01:47.176331,2.28
2022-07-13 23:01:47.544441,3.25
2022-07-13 23:01:47.965856,3.25
2022-07-13 23:01:48.324291,3.25
2022-07-13 23:01:48.705483,3.25
2022-07-13 23:01:49.061942,3.24
2022-07-13 23:01:49.473565,1.72
2022-07-13 23:01:49.848326,3.25
2022-07-13 23:01:50.206992,3.25
2022-07-13 23:01:50.583174,3.08
2022-07-13 23:01:50.948426,3.25
2022-07-13 23:01:51.323576,2.62
2022-07-13 23:01:51.689030,3.25
2022-07-13 23:01:52.046347,3.25
2022-07-13 23:01:52.416591,3.13
2022-07-13 23:01:52.823511,2.06
2022-07-13 23:01:53.198510,1.49
2022-07-13 23:01:53.561427,1.27
2022-07-13 23:01:53.911523,3.25
2022-07-13 23:01:54.278946,1.81
2022-07-13 23:01:54.694014,3.25
2022-07-13 23:01:55.092542,3.25
2022-07-13 23:01:55.452931,3.25
2022-07-13 23:01:55.809829,3.08
2022-07-13 23:01:56.215853,3.25
2022-07-13 23:01:56.613431,3.25
2022-07-13 23:01:57.268588,1.72
2022-07-13 23:01:57.648697,1.56
2022-07-13 23:01:58.022627,1.98
2022-07-13 23:01:58.399798,3.12
2022-07-13 23:01:59.058816,3.25
2022-07-13 23:01:59.477715,3.25
2022-07-13 23:01:59.869328,1.08
2022-07-13 23:02:00.231405,1.63
2022-07-13 23:02:00.595108,2.95
